<tool id="CuReSim" name="CuReSim simulator">
  <command interpreter="bash">CuReSim.sh $output_sim $log_sim $input $number_reads $reads_size $additional_params.use_additional
#if $additional_params.use_additional == "yes":
 $additional_params.standard_deviation
 $additional_params.random_rate
 $additional_params.deletion_rate
 $additional_params.insertion_rate
 $additional_params.substitution_rate
 $additional_params.uniform_indels
 $additional_params.uniform_subs
 $additional_params.encoding
 $additional_params.skip
#end if
  </command>
  <inputs>
	<param name="input" type="data" label="Genome file" help="genome fasta file in mode=0, fastq file otherwise"/>
	<param name="number_reads" size="15" type="integer" value="50000" label="number of reads to generate" />
        <param name="reads_size" size="15" type="integer" value="200" label="read mean size" />

	<conditional name="additional_params">
            <param name="use_additional" type="select" label="Parameters settings to use" help="You can use the default settings or set custom values for any of CureSim parameters">
              <option value="no">Use Defaults (Iontorrent preset)</option>
              <option value="yes">Full parameter list</option>
            </param>
            <when value="no">
	    </when>
            <when value="yes">
		<param name="standard_deviation" type="text" size="10" value="20.0" label="Standard deviation - read size" help="This is the standard deviation for read size"/>
		<param name="random_rate" type="text" size="10" value="0" label="Random number" help="Number of random reads"/>
		<param name="deletion_rate" type="text" size="10" value="0.01" label="Deletion rate" help="Deletion rate during reads generation"/>
		<param name="insertion_rate" type="text" size="10" value="0.005" label="Insertion rate" help="Insertion rate during reads generation"/>
		<param name="substitution_rate" type="text" size="10" value="0.005" label="Substitution rate" help="Substitution rate during reads generation"/>
		<param name="uniform_indels" type="text" size="50" value="homopolymers" label="Uniform distribution indels" help="uniform distribution for indels"/>
		<param name="uniform_subs" type="text" size="50" value="exponential" label="Uniform distribution substitution" help="uniform distribution for substitutions"/>
		<param name="encoding" type="text" size="3" value="5" label="quality encoding character" help="quality encoding character"/>
		<param name="skip" type="select" label="Skip the correction step">
				<option value="0">Allow the correction step</option>
				<option value="1">Skip the correction step</option>
      		</param>
	    </when>
             
</conditional>
  </inputs>
  <outputs>
    <data type="data" format="fastq" name="output_sim" />
    <data type="data" format="txt" name="log_sim" />
  </outputs>

  <help>


***CuReSim - 2013***

***Author : Segolène Caboche***

***Usage: java -jar simulator.jar [options] -f input_file [options]***

-f file_name 	 [mandatory] genome fasta file or reads fastq file

-o file_name 	 [facultative] name of output fastq file [output.fastq]

-n int 	 [facultative] number of reads to generate [50000]

-m int 	 [facultative] read mean size [200]

-sd double 	 [facultative] standard deviation for read size [20.0]

-r int 	 [facultative] number of random reads [0]

-d double 	 [facultative] deletion rate [0.01]

-i double 	 [facultative] insertion rate [0.005]

-s double 	 [facultative] substitution rate [0.005]

-ui 	 [facultative] uniform distribution for indels [homopolymers]

-us 	 [facultative] uniform distribution for substitutions [exponential]

-q char 	 [facultative] quality encoding character ['5']

-v 	 [facultative] verbose mode, you need R software in this mode [false]

-skip 	 [facultative] skip the correction step [false]

-h 	 print this help


  </help>

</tool>


